{"TX_AMOUNT": {"mean": 538.286227193435, "std": 886.9758092737202, "quantiles": [62.81, 421.91, 1087.61]}, "TX_TIME_SECONDS": {"mean": 6321381.855722556, "std": 3651281.7546225325, "quantiles": [1259681.3, 6330709.5, 11373328.0]}, "TX_HOUR": {"mean": 11.487605143217104, "std": 5.058289670545015, "quantiles": [5.0, 11.0, 18.0]}, "TX_DAY": {"mean": 15.195591324597883, "std": 8.544706530786973, "quantiles": [3.0, 15.0, 27.0]}, "TX_DAYOFWEEK": {"mean": 2.990785449404414, "std": 2.000550019865415, "quantiles": [0.0, 3.0, 6.0]}, "TX_MONTH": {"mean": 2.949635294486519, "std": 1.4011033848272985, "quantiles": [1.0, 3.0, 5.0]}, "TX_IS_WEEKEND": {"mean": 0.2826774144816165, "std": 0.4503010529823268, "quantiles": [0.0, 0.0, 1.0]}}